gene,position,reference,mutation,fungicide
Beta-tubulin_EAL84866.1,198,E,A,Azole(s)
Beta-tubulin_EAL84866.1,198,E,Q,Azole(s)
Beta-tubulin_EAL84866.1,200,F,Y,Azole(s)
Fks_XP_751118.1,53,S,G,Caspofungin;Micafungin
Cytochrome_b_AFE02850.1,129,F,L,Azole(s)
Cytochrome_b_AFE02850.1,143,G,A,Azole(s);Azoxystrobin
HapE_XP_747547.1,88,P,L,"Isavuconazole(1/NA),Itraconazole(1/NA),Posaconazole(1/NA),Voriconazole(1/NA)"
Hmg1_XP_749502.1,105,E,K,"Isavuconazole(NA/-1),Itraconazole(NA/-1),Posaconazole(NA/-1),Voriconazole(NA/-1)"
Hmg1_XP_749502.1,242,D,H,"Isavuconazole(1/NA),Itraconazole(1/NA),Posaconazole(1/NA),Voriconazole(1/NA)"
Hmg1_XP_749502.1,242,D,Y,"Amphotericin_B(NA/-8),Isavuconazole(8/NA),Itraconazole(8/NA),Posaconazole(8/NA),Voriconazole(8/NA)"
Hmg1_XP_749502.1,262,F,-,"Isavuconazole(1/NA),Itraconazole(1/NA),Posaconazole(1/NA),Voriconazole(1/NA)"
Hmg1_XP_749502.1,269,S,F,"Itraconazole(8/NA),Posaconazole(8/NA),Voriconazole(8/NA)"
Hmg1_XP_749502.1,272,W,C,"Isavuconazole(8/NA),Itraconazole(8/NA),Posaconazole(8/NA),Voriconazole(8/NA)"
Hmg1_XP_749502.1,272,W,L,"Isavuconazole(1/NA),Itraconazole(1/NA),Posaconazole(1/NA),Voriconazole(1/NA)"
Hmg1_XP_749502.1,273,L,F,"Itraconazole(8/NA),Voriconazole(8/NA)"
Hmg1_XP_749502.1,305,S,P,"Isavuconazole(1/NA),Itraconazole(1/NA),Posaconazole(1/NA),Voriconazole(1/NA)"
Hmg1_XP_749502.1,306,E,K,"Amphotericin_B(NA/-1),Caspofungin(NA/-1),Itraconazole(1/NA),Posaconazole(1/NA),Voriconazole(1/NA)"
Hmg1_XP_749502.1,307,G,D,"Itraconazole(8/NA),Posaconazole(8/NA),Voriconazole(8/NA)"
Hmg1_XP_749502.1,309,P,L,"Amphotericin_B(NA/-8),Isavuconazole(8/NA),Itraconazole(8/NA),Posaconazole(8/NA),Voriconazole(8/NA)"
Hmg1_XP_749502.1,402,C,R,"Isavuconazole(1/NA),Itraconazole(1/NA),Posaconazole(1/NA),Voriconazole(1/NA)"
Hmg1_XP_749502.1,403,V,D,"Isavuconazole(1/NA),Itraconazole(1/NA),Posaconazole(1/NA),Voriconazole(1/NA)"
Hmg1_XP_749502.1,412,I,S,"Isavuconazole(1/NA),Itraconazole(1/NA),Posaconazole(1/NA),Voriconazole(1/NA)"
Hmg1_XP_749502.1,483,G,R,"Isavuconazole(1/NA),Itraconazole(1/NA),Posaconazole(1/NA),Voriconazole(1/NA)"
Hmg1_XP_749502.1,558,L,R,"Isavuconazole(NA/-1),Itraconazole(NA/-1),Posaconazole(NA/-1),Voriconazole(NA/-1)"
Hmg1_XP_749502.1,995,V,I,"Isavuconazole(NA/-1),Itraconazole(NA/-1),Posaconazole(NA/-1),Voriconazole(NA/-1)"
Hmg2_XP_752488.1,235,I,S,"Amphotericin_B(NA/-8),Isavuconazole(8/NA),Itraconazole(8/NA),Posaconazole(NA/-8),Voriconazole(8/NA)"
Hmg2_XP_752488.1,415,E,-,"Amphotericin_B(NA/-8),Isavuconazole(8/NA),Itraconazole(8/NA),Posaconazole(NA/-8),Voriconazole(8/NA)"
Sdh_EDP51777.1,51,R,G,Azole(s)
Sdh_EDP51777.1,270,H,R,Azole(s)
Sdh_EDP51777.1,270,H,Y,Azole(s)
Cyp51A_AGH55425.1,98,L,H,Itraconazole;Posaconazole;Voriconazole;Isavuconazole;Amphotericin_B;Ravuconazole;Caspofungin;Anidulafungin;Micafungin;Bromuconazole;Difenoconazole;Epoxiconazole;Imazalil;Prochloraz;Propiconazole;Tebuconazole;
